"id","username","email","email_token_key","password","account_status"
1,test,seezss@163.com,,e47e1d06181f2d565181d67b0837d62270050e452288e58ef2da92c3c467c87468fcf40cc0f7f041b8c9052749c93bd76b44738b2b9b3249b6cd1b13e4d46ea9226d97cbb86d2d047145dc365ae0d60f3fec4953c8b877f4844a2fa4a2202ee5,0
2,test01,pleasesayhi@163.com,,1506b743abcdcad716719abdeff02fbc0d242713738f6965114e2ca57654d0c0688a311cedf125f37fe41422436e78f7c0ca0c5d2d0c48f66b5852d16ede31bad828bd000f81efe76f45abe4e1960816f55eea5169c18e2ddf05d8bc536454a2,1
3,test02,pleasesayhi@164.com,,1506b743abcdcad716719abdeff02fbc0d242713738f6965114e2ca57654d0c0688a311cedf125f37fe41422436e78f7c0ca0c5d2d0c48f66b5852d16ede31bad828bd000f81efe76f45abe4e1960816f55eea5169c18e2ddf05d8bc536454a2,1
4,test03,pleasesayhi@165.com,,1506b743abcdcad716719abdeff02fbc0d242713738f6965114e2ca57654d0c0688a311cedf125f37fe41422436e78f7c0ca0c5d2d0c48f66b5852d16ede31bad828bd000f81efe76f45abe4e1960816f55eea5169c18e2ddf05d8bc536454a2,1
5,test04,pleasesayhi@166.com,,1506b743abcdcad716719abdeff02fbc0d242713738f6965114e2ca57654d0c0688a311cedf125f37fe41422436e78f7c0ca0c5d2d0c48f66b5852d16ede31bad828bd000f81efe76f45abe4e1960816f55eea5169c18e2ddf05d8bc536454a2,1
6,test05,pleasesayhi@167.com,,1506b743abcdcad716719abdeff02fbc0d242713738f6965114e2ca57654d0c0688a311cedf125f37fe41422436e78f7c0ca0c5d2d0c48f66b5852d16ede31bad828bd000f81efe76f45abe4e1960816f55eea5169c18e2ddf05d8bc536454a2,1
7,test06,pleasesayhi@168.com,,1506b743abcdcad716719abdeff02fbc0d242713738f6965114e2ca57654d0c0688a311cedf125f37fe41422436e78f7c0ca0c5d2d0c48f66b5852d16ede31bad828bd000f81efe76f45abe4e1960816f55eea5169c18e2ddf05d8bc536454a2,1
8,test07,pleasesayhi@169.com,,1506b743abcdcad716719abdeff02fbc0d242713738f6965114e2ca57654d0c0688a311cedf125f37fe41422436e78f7c0ca0c5d2d0c48f66b5852d16ede31bad828bd000f81efe76f45abe4e1960816f55eea5169c18e2ddf05d8bc536454a2,1
9,test08,pleasesayhi@170.com,,1506b743abcdcad716719abdeff02fbc0d242713738f6965114e2ca57654d0c0688a311cedf125f37fe41422436e78f7c0ca0c5d2d0c48f66b5852d16ede31bad828bd000f81efe76f45abe4e1960816f55eea5169c18e2ddf05d8bc536454a2,1
10,test09,pleasesayhi@171.com,,1506b743abcdcad716719abdeff02fbc0d242713738f6965114e2ca57654d0c0688a311cedf125f37fe41422436e78f7c0ca0c5d2d0c48f66b5852d16ede31bad828bd000f81efe76f45abe4e1960816f55eea5169c18e2ddf05d8bc536454a2,1
11,test10,pleasesayhi@172.com,,1506b743abcdcad716719abdeff02fbc0d242713738f6965114e2ca57654d0c0688a311cedf125f37fe41422436e78f7c0ca0c5d2d0c48f66b5852d16ede31bad828bd000f81efe76f45abe4e1960816f55eea5169c18e2ddf05d8bc536454a2,1
12,test11,pleasesayhi@173.com,,1506b743abcdcad716719abdeff02fbc0d242713738f6965114e2ca57654d0c0688a311cedf125f37fe41422436e78f7c0ca0c5d2d0c48f66b5852d16ede31bad828bd000f81efe76f45abe4e1960816f55eea5169c18e2ddf05d8bc536454a2,1
13,test12,pleasesayhi@174.com,,1506b743abcdcad716719abdeff02fbc0d242713738f6965114e2ca57654d0c0688a311cedf125f37fe41422436e78f7c0ca0c5d2d0c48f66b5852d16ede31bad828bd000f81efe76f45abe4e1960816f55eea5169c18e2ddf05d8bc536454a2,1
14,test13,pleasesayhi@175.com,,1506b743abcdcad716719abdeff02fbc0d242713738f6965114e2ca57654d0c0688a311cedf125f37fe41422436e78f7c0ca0c5d2d0c48f66b5852d16ede31bad828bd000f81efe76f45abe4e1960816f55eea5169c18e2ddf05d8bc536454a2,1
15,test14,pleasesayhi@176.com,,1506b743abcdcad716719abdeff02fbc0d242713738f6965114e2ca57654d0c0688a311cedf125f37fe41422436e78f7c0ca0c5d2d0c48f66b5852d16ede31bad828bd000f81efe76f45abe4e1960816f55eea5169c18e2ddf05d8bc536454a2,1
